--
-- Script was generated by Devart dbForge Studio 2022 for Oracle, Version 4.4.64.0
-- Product home page: http://www.devart.com/dbforge/oracle/studio
-- Script date 6/6/2025 3:51:25 PM
-- Server version: Oracle Database 21c Enterprise Edition Release 21.0.0.0.0 - Production Version 21.3.0.0.0
-- Client version: 21.3.0.0
--


CONNECT QLTuyenDung@;

-- 
-- Set default schema
--
ALTER SESSION SET CURRENT_SCHEMA = "QLTUYENDUNG";

SET SQLBLANKLINES ON;
SET DEFINE OFF;
ALTER SESSION SET NLS_DATE_FORMAT = 'MM/DD/SYYYY HH24:MI:SS';
ALTER SESSION SET NLS_TIMESTAMP_TZ_FORMAT = 'MM/DD/SYYYY HH24:MI:SS.FF TZH:TZM';
ALTER SESSION SET NLS_TIMESTAMP_FORMAT = 'MM/DD/SYYYY HH24:MI:SS.FF';
ALTER SESSION SET NLS_NUMERIC_CHARACTERS = '.,';
ALTER SESSION SET NLS_NCHAR_CONV_EXCP = FALSE;
ALTER SESSION SET TIME_ZONE = '+07:00';

--
-- Drop table "USER_ROLE"
--
DROP TABLE USER_ROLE;

--
-- Drop table "ROLE"
--
DROP TABLE ROLE;

--
-- Drop table "KQBAI_TEST"
--
DROP TABLE KQBAI_TEST;

--
-- Drop table "BAI_TEST"
--
DROP TABLE BAI_TEST;

--
-- Drop table "PHONG_VAN"
--
DROP TABLE PHONG_VAN;

--
-- Drop table "DON_UNG_TUYEN"
--
DROP TABLE DON_UNG_TUYEN;

--
-- Drop table "TIN_YEU_THICH"
--
DROP TABLE TIN_YEU_THICH;

--
-- Drop table "TIN_TUYEN_DUNG"
--
DROP TABLE TIN_TUYEN_DUNG;

--
-- Drop table "HOC_VAN"
--
DROP TABLE HOC_VAN;

--
-- Drop table "KINH_NGHIEM_LAM_VIEC"
--
DROP TABLE KINH_NGHIEM_LAM_VIEC;

--
-- Drop table "THANH_TUU"
--
DROP TABLE THANH_TUU;

--
-- Drop table "UNG_VIEN_YEU_THICH"
--
DROP TABLE UNG_VIEN_YEU_THICH;

--
-- Drop table "USERS"
--
DROP TABLE USERS;

--
-- Drop table "CONG_TY"
--
DROP TABLE CONG_TY;

--
-- Create table "CONG_TY"
--
CREATE TABLE CONG_TY (
  ID            NUMBER(19, 0) GENERATED BY DEFAULT AS IDENTITY,
  DIA_CHI       VARCHAR2(255 CHAR),
  EMAIL         VARCHAR2(255 CHAR),
  FACEBOOK      VARCHAR2(255 CHAR),
  HOT_LINE      VARCHAR2(255 CHAR),
  LINH_VUC      VARCHAR2(255 CHAR),
  LINKED_IN     VARCHAR2(255 CHAR),
  LOGO          VARCHAR2(255 CHAR),
  MO_TA         VARCHAR2(4000 CHAR),
  NAM_THANH_LAP VARCHAR2(255 CHAR),
  QUY_MO        VARCHAR2(255 CHAR),
  TEN_CONG_TY   VARCHAR2(255 CHAR),
  WEBSITE       VARCHAR2(255 CHAR),
  PRIMARY KEY (ID) USING INDEX TABLESPACE USERS STORAGE (INITIAL 64 K
                                                         NEXT 1 M
                                                         MAXEXTENTS UNLIMITED)
)
TABLESPACE USERS
STORAGE (INITIAL 64 K
         NEXT 1 M
         MAXEXTENTS UNLIMITED)
LOGGING;

--
-- Create table "USERS"
--
CREATE TABLE USERS (
  ID              NUMBER(19, 0)      GENERATED BY DEFAULT AS IDENTITY,
  CHUYEN_NGANH    VARCHAR2(255 CHAR),
  CV_FILE         VARCHAR2(255 CHAR),
  DIA_CHI         VARCHAR2(255 CHAR),
  EMAIL           VARCHAR2(255 CHAR) NOT NULL,
  ENABLED         NUMBER(1, 0)       DEFAULT 1,
  FACE_BOOK       VARCHAR2(255 CHAR),
  GIOI_THIEU      VARCHAR2(4000 CHAR),
  GIOI_TINH       VARCHAR2(255 CHAR),
  HINH_ANH        VARCHAR2(255 CHAR),
  HO_TEN          VARCHAR2(255 CHAR),
  LINKED_IN       VARCHAR2(255 CHAR),
  LUONG_HIEN_TAI  NUMBER(10, 0)      NOT NULL,
  LUONG_MONG_MUON NUMBER(10, 0)      NOT NULL,
  NAM_KINH_NGHIEM NUMBER(10, 0)      NOT NULL,
  NGAY_TAO        TIMESTAMP(6),
  NGON_NGU        VARCHAR2(255 CHAR),
  PASSWORD        VARCHAR2(255 CHAR),
  SO_DIEN_THOAI   VARCHAR2(255 CHAR),
  TUOI            NUMBER(10, 0)      NOT NULL,
  USERNAME        VARCHAR2(255 CHAR),
  CONG_TY_ID      NUMBER(19, 0),
  CHECK (enabled IN (0, 1)),
  PRIMARY KEY (ID) USING INDEX TABLESPACE USERS STORAGE (INITIAL 64 K
                                                         NEXT 1 M
                                                         MAXEXTENTS UNLIMITED),
  CONSTRAINT UK6DOTKOTT2KJSP8VW4D0M25FB7 UNIQUE (EMAIL) USING INDEX TABLESPACE USERS STORAGE (INITIAL 64 K
                                                                                              NEXT 1 M
                                                                                              MAXEXTENTS UNLIMITED)
)
TABLESPACE USERS
STORAGE (INITIAL 64 K
         NEXT 1 M
         MAXEXTENTS UNLIMITED)
LOGGING;

--
-- Create foreign key "FK1GLFO1H8AXIMA0CYMT6JKCQOR" on table "USERS"
--
ALTER TABLE USERS
ADD CONSTRAINT FK1GLFO1H8AXIMA0CYMT6JKCQOR FOREIGN KEY (CONG_TY_ID)
REFERENCES CONG_TY (ID);

--
-- Create table "UNG_VIEN_YEU_THICH"
--
CREATE TABLE UNG_VIEN_YEU_THICH (
  ID          NUMBER(19, 0) GENERATED BY DEFAULT AS IDENTITY,
  NHATD_ID    NUMBER(19, 0),
  UNG_VIEN_ID NUMBER(19, 0),
  PRIMARY KEY (ID) USING INDEX TABLESPACE USERS STORAGE (INITIAL 64 K
                                                         NEXT 1 M
                                                         MAXEXTENTS UNLIMITED)
)
TABLESPACE USERS
STORAGE (INITIAL 64 K
         NEXT 1 M
         MAXEXTENTS UNLIMITED)
LOGGING;

--
-- Create foreign key "FKDF8NCP4H2N28Y1WA2TSTQ7BK5" on table "UNG_VIEN_YEU_THICH"
--
ALTER TABLE UNG_VIEN_YEU_THICH
ADD CONSTRAINT FKDF8NCP4H2N28Y1WA2TSTQ7BK5 FOREIGN KEY (NHATD_ID)
REFERENCES USERS (ID);

--
-- Create foreign key "FKGVQ1OU7MJ02WQU6EBAK25XM44" on table "UNG_VIEN_YEU_THICH"
--
ALTER TABLE UNG_VIEN_YEU_THICH
ADD CONSTRAINT FKGVQ1OU7MJ02WQU6EBAK25XM44 FOREIGN KEY (UNG_VIEN_ID)
REFERENCES USERS (ID);

--
-- Create table "THANH_TUU"
--
CREATE TABLE THANH_TUU (
  ID            NUMBER(19, 0) GENERATED BY DEFAULT AS IDENTITY,
  MO_TA         VARCHAR2(255 CHAR),
  NGAY_DAT      DATE,
  TEN_THANH_TUU VARCHAR2(255 CHAR),
  USER_ID       NUMBER(19, 0),
  PRIMARY KEY (ID) USING INDEX TABLESPACE USERS STORAGE (INITIAL 64 K
                                                         NEXT 1 M
                                                         MAXEXTENTS UNLIMITED)
)
TABLESPACE USERS
STORAGE (INITIAL 64 K
         NEXT 1 M
         MAXEXTENTS UNLIMITED)
LOGGING;

--
-- Create foreign key "FKJTH53BV2JDXDWMEC9KV4CAG6W" on table "THANH_TUU"
--
ALTER TABLE THANH_TUU
ADD CONSTRAINT FKJTH53BV2JDXDWMEC9KV4CAG6W FOREIGN KEY (USER_ID)
REFERENCES USERS (ID);

--
-- Create table "KINH_NGHIEM_LAM_VIEC"
--
CREATE TABLE KINH_NGHIEM_LAM_VIEC (
  ID               NUMBER(19, 0) GENERATED BY DEFAULT AS IDENTITY,
  MO_TA            VARCHAR2(255 CHAR),
  NAMBD            NUMBER(10, 0) NOT NULL,
  NAMKT            NUMBER(10, 0) NOT NULL,
  TEN_CONG_TY      VARCHAR2(255 CHAR),
  VI_TRI_CONG_VIEC VARCHAR2(255 CHAR),
  USER_ID          NUMBER(19, 0),
  PRIMARY KEY (ID) USING INDEX TABLESPACE USERS STORAGE (INITIAL 64 K
                                                         NEXT 1 M
                                                         MAXEXTENTS UNLIMITED)
)
TABLESPACE USERS
STORAGE (INITIAL 64 K
         NEXT 1 M
         MAXEXTENTS UNLIMITED)
LOGGING;

--
-- Create foreign key "FKJN0NE2KVWAT64KOQE9BBODKKU" on table "KINH_NGHIEM_LAM_VIEC"
--
ALTER TABLE KINH_NGHIEM_LAM_VIEC
ADD CONSTRAINT FKJN0NE2KVWAT64KOQE9BBODKKU FOREIGN KEY (USER_ID)
REFERENCES USERS (ID);

--
-- Create table "HOC_VAN"
--
CREATE TABLE HOC_VAN (
  ID       NUMBER(19, 0) GENERATED BY DEFAULT AS IDENTITY,
  MO_TA    VARCHAR2(255 CHAR),
  NAMBD    NUMBER(10, 0) NOT NULL,
  NAMKT    NUMBER(10, 0) NOT NULL,
  TEN_BANG VARCHAR2(255 CHAR),
  TENDVCAP VARCHAR2(255 CHAR),
  USER_ID  NUMBER(19, 0),
  PRIMARY KEY (ID) USING INDEX TABLESPACE USERS STORAGE (INITIAL 64 K
                                                         NEXT 1 M
                                                         MAXEXTENTS UNLIMITED)
)
TABLESPACE USERS
STORAGE (INITIAL 64 K
         NEXT 1 M
         MAXEXTENTS UNLIMITED)
LOGGING;

--
-- Create foreign key "FKHFJ6LHLTXQPQCIXDUAUYKPVJ1" on table "HOC_VAN"
--
ALTER TABLE HOC_VAN
ADD CONSTRAINT FKHFJ6LHLTXQPQCIXDUAUYKPVJ1 FOREIGN KEY (USER_ID)
REFERENCES USERS (ID);

--
-- Create table "TIN_TUYEN_DUNG"
--
CREATE TABLE TIN_TUYEN_DUNG (
  ID              NUMBER(19, 0) GENERATED BY DEFAULT AS IDENTITY,
  DIA_DIEMLV      VARCHAR2(255 CHAR),
  HAN_NOP         TIMESTAMP(6),
  HINH_THUCLV     VARCHAR2(255 CHAR),
  LINH_VUC        VARCHAR2(255 CHAR),
  MO_TA_CONG_VIEC VARCHAR2(4000 CHAR),
  MUC_LUONG       NUMBER(10, 0) NOT NULL,
  NGAY_DANG       TIMESTAMP(6),
  QUOC_GIALV      VARCHAR2(255 CHAR),
  THANH_PHOLV     VARCHAR2(255 CHAR),
  TIEU_DE         VARCHAR2(255 CHAR),
  TRANG_THAI      VARCHAR2(255 CHAR),
  YEU_CAU         VARCHAR2(4000 CHAR),
  CONGTY_ID       NUMBER(19, 0),
  PRIMARY KEY (ID) USING INDEX TABLESPACE USERS STORAGE (INITIAL 64 K
                                                         NEXT 1 M
                                                         MAXEXTENTS UNLIMITED)
)
TABLESPACE USERS
STORAGE (INITIAL 64 K
         NEXT 1 M
         MAXEXTENTS UNLIMITED)
LOGGING;

--
-- Create foreign key "FKOXTN48AW7O9DT3O4WECX6KN6Y" on table "TIN_TUYEN_DUNG"
--
ALTER TABLE TIN_TUYEN_DUNG
ADD CONSTRAINT FKOXTN48AW7O9DT3O4WECX6KN6Y FOREIGN KEY (CONGTY_ID)
REFERENCES CONG_TY (ID);

--
-- Create table "TIN_YEU_THICH"
--
CREATE TABLE TIN_YEU_THICH (
  ID          NUMBER(19, 0) GENERATED BY DEFAULT AS IDENTITY,
  TINTD_ID    NUMBER(19, 0),
  UNG_VIEN_ID NUMBER(19, 0),
  PRIMARY KEY (ID) USING INDEX TABLESPACE USERS STORAGE (INITIAL 64 K
                                                         NEXT 1 M
                                                         MAXEXTENTS UNLIMITED)
)
TABLESPACE USERS
STORAGE (INITIAL 64 K
         NEXT 1 M
         MAXEXTENTS UNLIMITED)
LOGGING;

--
-- Create foreign key "FK3NSVCQ4BJEDG1LUDEK6XBHDNT" on table "TIN_YEU_THICH"
--
ALTER TABLE TIN_YEU_THICH
ADD CONSTRAINT FK3NSVCQ4BJEDG1LUDEK6XBHDNT FOREIGN KEY (TINTD_ID)
REFERENCES TIN_TUYEN_DUNG (ID);

--
-- Create foreign key "FKHW5HBY6326WFEBUL9S9LL3DN" on table "TIN_YEU_THICH"
--
ALTER TABLE TIN_YEU_THICH
ADD CONSTRAINT FKHW5HBY6326WFEBUL9S9LL3DN FOREIGN KEY (UNG_VIEN_ID)
REFERENCES USERS (ID);

--
-- Create table "DON_UNG_TUYEN"
--
CREATE TABLE DON_UNG_TUYEN (
  ID             NUMBER(19, 0)      GENERATED BY DEFAULT AS IDENTITY,
  CV_FILE        VARCHAR2(255 CHAR) NOT NULL,
  NGAY_UNG_TUYEN TIMESTAMP(6),
  QUYEN_TEST     NUMBER(1, 0)       NOT NULL,
  TRANG_THAI     VARCHAR2(255 CHAR),
  TINTD_ID       NUMBER(19, 0)      NOT NULL,
  USER_ID        NUMBER(19, 0),
  CHECK (quyen_test IN (0, 1)),
  PRIMARY KEY (ID) USING INDEX TABLESPACE USERS STORAGE (INITIAL 64 K
                                                         NEXT 1 M
                                                         MAXEXTENTS UNLIMITED)
)
TABLESPACE USERS
STORAGE (INITIAL 64 K
         NEXT 1 M
         MAXEXTENTS UNLIMITED)
LOGGING;

--
-- Create foreign key "FK6JXVLX5BIL4HBPGRBBV6IE1BE" on table "DON_UNG_TUYEN"
--
ALTER TABLE DON_UNG_TUYEN
ADD CONSTRAINT FK6JXVLX5BIL4HBPGRBBV6IE1BE FOREIGN KEY (USER_ID)
REFERENCES USERS (ID);

--
-- Create foreign key "FKFDBRR4HG2AXNM22TR4PS01OP2" on table "DON_UNG_TUYEN"
--
ALTER TABLE DON_UNG_TUYEN
ADD CONSTRAINT FKFDBRR4HG2AXNM22TR4PS01OP2 FOREIGN KEY (TINTD_ID)
REFERENCES TIN_TUYEN_DUNG (ID);

--
-- Create table "PHONG_VAN"
--
CREATE TABLE PHONG_VAN (
  ID            NUMBER(19, 0) GENERATED BY DEFAULT AS IDENTITY,
  DIA_DIEM      VARCHAR2(255 CHAR),
  DIEM_DANH_GIA NUMBER(10, 0) NOT NULL,
  NGAYPV        TIMESTAMP(6),
  NHAN_XET      VARCHAR2(4000 CHAR),
  TRANG_THAI    VARCHAR2(255 CHAR),
  DONUT_ID      NUMBER(19, 0),
  NHANVIEN_ID   NUMBER(19, 0),
  PRIMARY KEY (ID) USING INDEX TABLESPACE USERS STORAGE (INITIAL 64 K
                                                         NEXT 1 M
                                                         MAXEXTENTS UNLIMITED)
)
TABLESPACE USERS
STORAGE (INITIAL 64 K
         NEXT 1 M
         MAXEXTENTS UNLIMITED)
LOGGING;

--
-- Create foreign key "FK39RRHF2FXS2AHIOL5XRIDQ5AH" on table "PHONG_VAN"
--
ALTER TABLE PHONG_VAN
ADD CONSTRAINT FK39RRHF2FXS2AHIOL5XRIDQ5AH FOREIGN KEY (NHANVIEN_ID)
REFERENCES USERS (ID);

--
-- Create foreign key "FKO7Q5HFD6JT1J0A0OK7OFS949V" on table "PHONG_VAN"
--
ALTER TABLE PHONG_VAN
ADD CONSTRAINT FKO7Q5HFD6JT1J0A0OK7OFS949V FOREIGN KEY (DONUT_ID)
REFERENCES DON_UNG_TUYEN (ID);

--
-- Create table "BAI_TEST"
--
CREATE TABLE BAI_TEST (
  ID         NUMBER(19, 0) GENERATED BY DEFAULT AS IDENTITY,
  LINKGGFORM VARCHAR2(255 CHAR),
  LOAI       VARCHAR2(255 CHAR),
  MO_TA      VARCHAR2(4000 CHAR),
  NGAY_DONG  TIMESTAMP(6),
  NGAY_TAO   TIMESTAMP(6),
  TIEU_DE    VARCHAR2(255 CHAR),
  TINTD_ID   NUMBER(19, 0),
  PRIMARY KEY (ID) USING INDEX TABLESPACE USERS STORAGE (INITIAL 64 K
                                                         NEXT 1 M
                                                         MAXEXTENTS UNLIMITED)
)
TABLESPACE USERS
STORAGE (INITIAL 64 K
         NEXT 1 M
         MAXEXTENTS UNLIMITED)
LOGGING;

--
-- Create foreign key "FKHRXIQ6OGG9N5FM77LMIJFIR59" on table "BAI_TEST"
--
ALTER TABLE BAI_TEST
ADD CONSTRAINT FKHRXIQ6OGG9N5FM77LMIJFIR59 FOREIGN KEY (TINTD_ID)
REFERENCES TIN_TUYEN_DUNG (ID);

--
-- Create table "KQBAI_TEST"
--
CREATE TABLE KQBAI_TEST (
  ID       NUMBER(19, 0) GENERATED BY DEFAULT AS IDENTITY,
  DIEM     NUMBER(10, 0) NOT NULL,
  NGAY_LAM TIMESTAMP(6),
  TEST_ID  NUMBER(19, 0) NOT NULL,
  DONUT_ID NUMBER(19, 0) NOT NULL,
  PRIMARY KEY (ID) USING INDEX TABLESPACE USERS STORAGE (INITIAL 64 K
                                                         NEXT 1 M
                                                         MAXEXTENTS UNLIMITED)
)
TABLESPACE USERS
STORAGE (INITIAL 64 K
         NEXT 1 M
         MAXEXTENTS UNLIMITED)
LOGGING;

--
-- Create foreign key "FKAYMR45PL8SQMRN91IO7TA77L9" on table "KQBAI_TEST"
--
ALTER TABLE KQBAI_TEST
ADD CONSTRAINT FKAYMR45PL8SQMRN91IO7TA77L9 FOREIGN KEY (TEST_ID)
REFERENCES BAI_TEST (ID);

--
-- Create foreign key "FKOIGUISASLUMXRMEK0RG6J5OW9" on table "KQBAI_TEST"
--
ALTER TABLE KQBAI_TEST
ADD CONSTRAINT FKOIGUISASLUMXRMEK0RG6J5OW9 FOREIGN KEY (DONUT_ID)
REFERENCES DON_UNG_TUYEN (ID);

--
-- Create table "ROLE"
--
CREATE TABLE ROLE (
  ID   NUMBER(19, 0) GENERATED BY DEFAULT AS IDENTITY,
  NAME VARCHAR2(255 CHAR),
  PRIMARY KEY (ID) USING INDEX TABLESPACE USERS STORAGE (INITIAL 64 K
                                                         NEXT 1 M
                                                         MAXEXTENTS UNLIMITED)
)
TABLESPACE USERS
STORAGE (INITIAL 64 K
         NEXT 1 M
         MAXEXTENTS UNLIMITED)
LOGGING;

--
-- Create table "USER_ROLE"
--
CREATE TABLE USER_ROLE (
  ID      NUMBER(19, 0) GENERATED BY DEFAULT AS IDENTITY,
  ROLE_ID NUMBER(19, 0),
  USER_ID NUMBER(19, 0),
  PRIMARY KEY (ID) USING INDEX TABLESPACE USERS STORAGE (INITIAL 64 K
                                                         NEXT 1 M
                                                         MAXEXTENTS UNLIMITED)
)
TABLESPACE USERS
STORAGE (INITIAL 64 K
         NEXT 1 M
         MAXEXTENTS UNLIMITED)
LOGGING;

--
-- Create foreign key "FKA68196081FVOVJHKEK5M97N3Y" on table "USER_ROLE"
--
ALTER TABLE USER_ROLE
ADD CONSTRAINT FKA68196081FVOVJHKEK5M97N3Y FOREIGN KEY (ROLE_ID)
REFERENCES ROLE (ID);

--
-- Create foreign key "FKJ345GK1BOVQVFAME88RCX7YYX" on table "USER_ROLE"
--
ALTER TABLE USER_ROLE
ADD CONSTRAINT FKJ345GK1BOVQVFAME88RCX7YYX FOREIGN KEY (USER_ID)
REFERENCES USERS (ID);

COMMIT;


-- 
-- Dumping data for table CONG_TY
--
INSERT INTO CONG_TY VALUES
(1, 'San Francisco, California, U.S.', 'support@opendoor.com', NULL, '888-352-7075', 'Xây dựng - Bất động sản', NULL, '1748667682042_6-2.png', 'Opendoor is a leading digital platform for residential real estate. In 2014, we set out to reinvent life’s most important transaction with a new, radically simple way to buy and sell your home. We have rebuilt the entire consumer real estate experience and have made buying and selling possible online. We’ve served tens of thousands of customers who have come to Opendoor to make their moves easier. Whether it’s getting married, starting a family, taking a new job or simply making a life change, we help people get to their next chapter in one simple, seamless transaction. Our mission is to power life''s progress, one move at a time.'||CHR(13)||CHR(10)
||CHR(13)||CHR(10)
||'Opendoor currently operates in a growing number of cities and neighborhoods across the country. Headquartered in San Francisco, we are a team of problem solvers, innovators and operators building the largest, most trusted platform for residential real estate.', ' 2014', 'Tren 1000', 'Opendoor', 'https://www.opendoor.com/');
INSERT INTO CONG_TY VALUES
(23, 'London, UK', 'info@figma.com', NULL, ' 1900 23 23 89', 'Công nghệ thông tin', NULL, '1748678977839_4-4.png', 'Figma is a collaborative web application for interface design, with additional offline features enabled by desktop applications for macOS and Windows. The feature set of Figma focuses on user interface and user experience design, with an emphasis on real-time collaboration,utilising a variety of vector graphics editor and prototyping tools. The Figma mobile app for Android and iOS allows viewing and interacting with Figma prototypes in real-time on mobile and tablet devices.', '2012', '500 - 1000', 'Figma, Inc.', 'https://www.figma.com/');
INSERT INTO CONG_TY VALUES
(26, 'New York, NY', 'info@invision.com', NULL, NULL, 'Công nghệ thông tin', NULL, '1748705007530_1748591804037_5-1.png', 'InVision is the visual collaboration platform powering the world’s smartest companies. We exist to make every kind of work more collaborative, inclusive and impactful. Between our platform, our practices, and our community, we enable tens of thousands of organizations to improve their processes and workflows so they can get the most out of their most valuable asset: their people. ', '2011', '500 - 1000', 'InVision', 'http://www.invisionapp.com');
INSERT INTO CONG_TY VALUES
(24, 'Hanoi, Vietnam', 'info@fpt.com', NULL, ' 1900 23 23 89', 'Công nghệ thông tin', NULL, '1748680093793_OIP.jpg', 'FPT Software là công ty thành viên thuộc Tập đoàn FPT. Được thành lập từ năm 1999, FPT Software hiện là công ty chuyên cung cấp các dịch vụ và giải pháp phần mềm cho các khách hàng quốc tế, với hơn 28000 nhân viên, hiện diện tại 27 quốc gia trên toàn cầu. Nhiều năm liền, FPT Software được bình chọn là Nhà Tuyển dụng được yêu thích nhất và nằm trong TOP các công ty có môi trường làm việc tốt nhất châu Á.', '2012', '500 - 1000', 'FPT, Inc', 'https://fptsoftware.com');
INSERT INTO CONG_TY VALUES
(21, 'Los Gatos, California, U.S.', 'info@netflix.com', NULL, '888-352-7075', 'Du lịch - Dịch vụ - Giải trí', NULL, '1748676043396_6-1.png', 'Netflix is an American subscription video on-demand over-the-top streaming service. The service primarily distributes original and acquired films and television shows from various genres, and it is available internationally in multiple languages.', '2007', 'Tren 1000', 'Netflix, Inc', 'https://about.netflix.com/');
INSERT INTO CONG_TY VALUES
(22, NULL, 'support.vn@vinfastauto.com', NULL, ' 1900 23 23 89', 'Thương mại - Bán lẻ', NULL, '1748677255543_vinfast.jpg', 'VinFast là công ty thành viên thuộc tập đoàn Vingroup, một trong những Tập đoàn Kinh tế tư nhân đa ngành lớn nhất Châu Á'||CHR(13)||CHR(10)
||'Với triết lý “Đặt khách hàng làm trọng tâm”, VinFast không ngừng sáng tạo để tạo ra các sản phẩm đẳng cấp và xuất sắc cho mọi người.'||CHR(13)||CHR(10)
||'VinFast đã nhanh chóng thiết lập sự hiện diện toàn cầu, thu hút những tài năng tốt nhất từ khắp nơi trên thế giới và hợp tác với một số thương hiệu mang tính biểu tượng nhất trong ngành Ô tô.', NULL, NULL, 'VinFast Auto Ltd', 'https://vinfastauto.com/');
INSERT INTO CONG_TY VALUES
(25, 'New York, NY', 'info@astronomer.com', NULL, ' 1900 23 23 89', 'Công nghệ thông tin', NULL, '1748702997942_6-5.png', 'Astronomer empowers data teams to bring mission-critical analytics, AI, and software to life and is the company behind Astro, the industry-leading DataOps platform powered by Apache Airflow®. Astro accelerates building reliable data products that unlock insights, unleash AI value, and powers data-driven applications. Trusted by more than 700 of the world’s leading enterprises, Astronomer lets businesses do more with their data. To learn more, visit www.astronomer.io'||CHR(13)||CHR(10)
||CHR(13)||CHR(10)
||'Apache® and Apache Airflow® are either registered trademarks or trademarks of the Apache Software Foundation in the United States and/or other countries. No endorsement by the Apache Software Foundation is implied by the use of these marks. All other trademarks are the property of their respective owners.', '2012', '300 - 350', 'Astronomer', 'https://www.astronomer.io');

-- 
-- Dumping data for table USERS
--
INSERT INTO USERS VALUES
(6, 'nhân sự', NULL, NULL, 'robertson@gmail.com', 1, NULL, '"Hello, I’m Darlene Robertson, a dedicated Recruitment Specialist with a strong passion for connecting talented individuals with the right opportunities. With several years of experience in talent acquisition, I specialize in identifying high-potential candidates, building strong employer branding, and optimizing the recruitment process to align with organizational goals. I believe in creating a positive candidate experience and building long-term professional relationships. I''m excited to work with professionals who are driven, innovative, and eager to grow in a dynamic environment."', 'Nam', '1748667206152_candidate-4.png', 'Darlene Robertson', NULL, 0, 0, 0, NULL, NULL, '$2a$10$Su5xtumSxrf2mHJUkBLG3OTQxiSEkLjQQYznYnH.BybmX3TBVkYqm', '12345', 25, 'Robertson', 1);
INSERT INTO USERS VALUES
(21, 'Management', NULL, NULL, 'ezama@gmail.com', 1, NULL, 'Sergio Ezama was named Chief Talent Officer of Netflix in September 2021. He was previously Global Chief Talent Officer at PepsiCo in addition to serving as Chief Human Resources Officer for global functions and groups. Sergio joined PepsiCo in 2001, serving in a variety of talent leadership roles across the US, Europe, Sub-Saharan Africa and Latin America. He holds a B.S. in law and a master’s in juridical practice, and human resources management from University of Deusto. Sergio also holds a master’s in health and safety management from Instituto Europeo de Salud y Bienestar Social. He is a graduate of Harvard Business School’s General Management Program.', 'Nam', '1748675738073_Sergio Ezama.jpg', 'Sergio Ezama', NULL, 0, 0, 0, NULL, NULL, '$2a$10$qocQ9UAsCtYAeDX8gjEdge2PiOKxxAttxb3jdBC6jwyRpAtmESrO6', '12345', 30, 'Ezama', 23);
INSERT INTO USERS VALUES
(23, 'Management', NULL, NULL, 'alexander@gmail.com', 1, NULL, NULL, 'Nữ', '1748678657461_candidate-7.png', 'Leslie Alexander', NULL, 0, 0, 0, NULL, NULL, '$2a$10$RW3PckvPpcYyh4nkXwwDC.W6XjNmC9S7Ys6lXbNy6nbPtufByNb8K', '099999', 27, 'Alexander', 26);
INSERT INTO USERS VALUES
(26, 'Management', NULL, NULL, 'knezevic@gmail.com', 1, NULL, NULL, 'Nam', '1748704773071_1719013639247.jpg', 'Nikolas Knezevic', NULL, 0, 0, 0, NULL, NULL, '$2a$10$oyV1xPKioLc.txhh1ING6.0kl3Tp66ZQeCfKv.yilaOATJKYEP/w6', '099999', 20, 'Knezevic', 21);
INSERT INTO USERS VALUES
(1, NULL, NULL, NULL, 'admin@talenthub.com', 1, NULL, NULL, NULL, NULL, NULL, NULL, 0, 0, 0, NULL, NULL, '$2a$10$TdrQ61ontMUag8rSZR5roORYyjtB/KaOGcHwk2frRR0Q5M0uM2ZeW', NULL, 0, 'admin', NULL);
INSERT INTO USERS VALUES
(2, NULL, NULL, NULL, 'recruiter@talenthub.com', 1, NULL, NULL, NULL, NULL, NULL, NULL, 0, 0, 0, NULL, NULL, '$2a$10$aVaXDkg/aKJOOU7XcU8NpOFXiXB0FKVRLQn9jMDqTY0f/Bg10mBf2', NULL, 0, 'nhatuyendung', NULL);
INSERT INTO USERS VALUES
(3, NULL, NULL, NULL, 'hr@talenthub.com', 1, NULL, NULL, NULL, NULL, NULL, NULL, 0, 0, 0, NULL, NULL, '$2a$10$Q5cWYtEBpSM08lo3ys6DjuP9Z4QB7evLu4ZqU9q9nMKujsDr8H9x2', NULL, 0, 'hrstaff', 25);
INSERT INTO USERS VALUES
(4, NULL, NULL, NULL, 'cv@talenthub.com', 1, NULL, NULL, NULL, NULL, NULL, NULL, 0, 0, 0, NULL, NULL, '$2a$10$6nwwacJqVpfEXDs6saBreuLHroeTKtO6H7pRznkvYXIYPqLG7EWDG', NULL, 0, 'cvstaff', 21);
INSERT INTO USERS VALUES
(5, 'HTTT', 'cvs/1748666311157_NguyenVanA-CV.pdf', '1 Man Thiện, TP Thủ Đức, HCM, Việt Nam', 'candidate@talenthub.com', 1, NULL, '"Xin chào, tôi hiện đang là một Data Analyst với một năm kinh nghiệm trong việc thu thập, xử lý và phân tích dữ liệu để hỗ trợ ra quyết định kinh doanh. Trong thời gian làm việc tại công ty, tôi đã tham gia vào các dự án phân tích hành vi khách hàng, tối ưu chiến dịch marketing và trực quan hóa dữ liệu bằng các công cụ như SQL, Excel, Power BI và Python. Tôi có nền tảng tốt về thống kê, khả năng giải quyết vấn đề và luôn mong muốn khai thác giá trị từ dữ liệu để mang lại hiệu quả thực tiễn cho doanh nghiệp. Tôi đang tìm kiếm một môi trường năng động để tiếp tục phát triển kỹ năng phân tích và đóng góp vào các chiến lược dựa trên dữ liệu."', 'Nam', NULL, 'Nguyễn Văn A', NULL, 0, 10, 1, NULL, 'Tiếng Anh, Tiếng Nhật', '$2a$10$2yTXkX9cvepVi5Pu1./FTuMz20DrjIjwRkqTDNxFDuToeFxvq/2eS', '099999', 18, 'ungvien', NULL);
INSERT INTO USERS VALUES
(24, 'Management', NULL, NULL, 'datvu@gmail.com', 1, NULL, NULL, 'Nam', '1748679777439_d39730c7-f488-413d-9902-90be115aed74_medium.jpg', 'Vũ Tiến Đạt', NULL, 0, 0, 0, NULL, NULL, '$2a$10$5eLaVJYEppSAJpBoB4Eb7eAlAdiW9ZdZ11M.ziNb0sLevFKeDdUBS', '099999', 43, 'datvu', 24);
INSERT INTO USERS VALUES
(33, 'Software Engineering', 'cvs/1748742617775_Linh-CV.pdf', 'Parkview 345 Moss Lane East', 'linh@gmail.com', 1, NULL, 'I am a highly accomplished Software Engineer with over 5 years of hands-on experience in developing cutting-edge, scalable software solutions. Passionate about writing clean, efficient code and crafting robust system architectures, I have consistently delivered mission-critical projects for global tech firms. With a deep understanding of full-stack development, DevOps, and cloud infrastructure, I blend technical excellence with leadership to drive innovation. I believe in continuous learning, open-source contribution, and building technology that makes a real-world impact.', 'Nữ', '1749101018089_linh.jpg', 'Lưu Khánh Linh', NULL, 0, 88, 5, NULL, 'Tiếng Anh, Tiếng Hàn', '$2a$10$58PoreqagcF0xLW1WTdoWeqyJytdAXptvr3.r.b.c3yZMXRWlSBZ6', '099999', 25, 'LKL', NULL);
INSERT INTO USERS VALUES
(41, 'nhân sự', NULL, NULL, 'toan@gmail.com', 1, NULL, NULL, 'Nam', '1749101707107_toan.jpg', 'Nguyễn Phú Toàn', NULL, 0, 0, 0, NULL, NULL, '$2a$10$iYB3igH69ysfBJE1ZhNe2O063jLppPdbvTl0qoeS1a7dyAFDToUrq', '12345', 20, 'toan', 21);
INSERT INTO USERS VALUES
(22, 'Management', NULL, NULL, 'thuthuy@gmail.com', 1, NULL, NULL, 'Nữ', '1748676887966_Vinfast-Mondial_Paris_2018_(Thuy).jpg', 'Lê Thị Thu Thủy', NULL, 0, 0, 0, NULL, NULL, '$2a$10$aOUEbKIlggJGRB.nPXFa5.JWv69K.G8EHWP/XzJKjLsHWVNNKc03q', '099999', 40, 'ThuThuy', 22);
INSERT INTO USERS VALUES
(28, 'Kỹ sư ô tô', 'cvs/1748737664087_Hieu-CV.pdf', '133 Nguyễn Du, Q1, HCM, Việt Nam', 'hieu@gmail.com', 1, NULL, 'Tôi là một kỹ sư ô tô có hơn 2 năm kinh nghiệm trong thiết kế, bảo trì và kiểm định hệ thống cơ khí – điện tử trên xe ô tô. Với tinh thần trách nhiệm cao và khả năng làm việc nhóm hiệu quả, tôi luôn không ngừng học hỏi để cập nhật các công nghệ ô tô hiện đại như hệ thống truyền động điện, ECU, và chẩn đoán lỗi bằng OBD-II. Tôi mong muốn được làm việc trong môi trường chuyên nghiệp để phát triển chuyên môn và đóng góp vào sự phát triển của ngành công nghiệp ô tô tại Việt Nam.', 'Nam', '1749100111602_hieu.jpg', 'Trần Đình Trung Hiếu', NULL, 0, 50, 2, NULL, 'Tiếng Anh', '$2a$10$V271t.Akdks2gpqsBLO5neOC3M0gc/G/oyIm668NZdzKO5WmDWp6u', '099999', 20, 'hiu', NULL);
INSERT INTO USERS VALUES
(29, 'Sinh vật học', 'cvs/1748738644069_Loc-CV.pdf', '474 Lê Văn Việt, TP Thủ Đức, HCM, Việt Nam', 'loc@gmail.com', 1, NULL, 'Tôi là một cử nhân Sinh vật học với niềm đam mê nghiên cứu về đa dạng sinh học, sinh thái học và bảo tồn thiên nhiên. Với hơn 1 năm kinh nghiệm làm trợ lý nghiên cứu trong các dự án khảo sát hệ sinh thái rừng, tôi có kỹ năng thu thập và xử lý mẫu sinh học, phân tích dữ liệu thực địa, và viết báo cáo khoa học. Tôi mong muốn được làm việc trong môi trường nghiên cứu hoặc tổ chức bảo tồn để tiếp tục phát triển chuyên môn và đóng góp cho việc bảo vệ môi trường sinh thái tại Việt Nam.', 'Nam', '1749097804604_loc.png', 'Nguyễn Phúc Lộc', NULL, 0, 14, 5, NULL, 'Tiếng Trung', '$2a$10$qbKv9GdLN4CU/760HsPtGuVLo02Zc1mk2g1dKDnRGhZF21ERfM6ym', '099999', 25, 'loc', NULL);
INSERT INTO USERS VALUES
(30, ' Quản lý nhân sự', 'cvs/1748739690413_Quan-CV.pdf', '2 Violet Rd, Q2, HCM, Việt Nam', 'quanqq@gmail.com', 1, NULL, 'Tôi là một chuyên viên nhân sự năng động và có trách nhiệm, với hơn 2 năm kinh nghiệm trong tuyển dụng, đào tạo và xây dựng chính sách nhân sự. Tôi có khả năng giao tiếp tốt, tư duy logic và khả năng xử lý tình huống linh hoạt. Tôi đặc biệt quan tâm đến việc phát triển nguồn nhân lực bền vững, xây dựng văn hóa doanh nghiệp tích cực và tối ưu hóa quy trình quản trị nhân sự để nâng cao hiệu suất tổ chức. Tôi mong muốn được tiếp tục phát triển trong lĩnh vực HR tại một môi trường chuyên nghiệp và có cơ hội thăng tiến rõ ràng.', 'Nam', '1749095971912_quan.jpg', 'Võ Hồ Trung Quân', NULL, 0, 50, 5, NULL, 'Tiếng Anh, Tiếng Thái', '$2a$10$KiLbflveh5UlNtdFqsHfheuAGceLmy23Qe2s0mvmE4IV3fzfMPhby', '099999', 40, 'quanqq', NULL);
INSERT INTO USERS VALUES
(31, 'Marketing', 'cvs/1748740613031_Hien-CV.pdf', 'Strobel Avenue 50, Dortmund', 'hienhh@gmail.com', 1, NULL, 'Tôi là một chuyên gia Marketing năng động, mang hai dòng máu Việt – Mỹ, với hơn 3 năm kinh nghiệm trong lĩnh vực tiếp thị kỹ thuật số, xây dựng thương hiệu và chiến lược nội dung. Sở hữu tư duy sáng tạo phương Tây kết hợp với sự linh hoạt và hiểu biết văn hóa Việt Nam, tôi từng dẫn dắt nhiều chiến dịch đạt hiệu quả vượt mong đợi cả về doanh thu và độ phủ thương hiệu. Tôi đặc biệt đam mê với việc phân tích hành vi người tiêu dùng, sáng tạo nội dung bắt trend và áp dụng công nghệ vào Marketing. Mục tiêu của tôi là góp phần định hình những thương hiệu có sức ảnh hưởng mạnh mẽ tại thị trường Việt Nam và khu vực.', 'Nam', '1749097041331_hien.jpg', 'Kevin Hiển', NULL, 0, 80, 10, NULL, 'Tiếng Anh, Tiếng Hàn', '$2a$10$fi1sZaieQdZsKJMUK87K4e6v0XKvqsvecUgHZOUe/2utR8yZ8.hNi', '099999', 30, 'hienhh', NULL);
INSERT INTO USERS VALUES
(32, 'Software Engineering', 'cvs/1749135952086_Lan-CV.pdf', '24 Denmark Rd, Manchester', 'lanvo@gmail.com', 1, NULL, 'I am a passionate and results-driven Software Engineer with over 4 years of experience building scalable web applications, backend services, and cloud-native solutions. With a strong foundation in computer science and an eye for clean, maintainable code, I have led multiple high-impact projects across various industries. I thrive in fast-paced environments and love solving complex problems through elegant and efficient software architecture. I’m committed to continuous learning and contributing to cutting-edge innovations that shape the future of technology.', 'Nam', '1749096823920_lancopy.jpg', 'Võ Ngọc Hoàng Lân', NULL, 0, 70, 5, NULL, 'Tiếng Anh, Tiếng Nhật', '$2a$10$BXjl9Gam/gN4f2QiwKY3.OuGwpvTCF9WVgzMe8u2ZO1qsTFJjMENK', '099999', 25, 'lanvo', NULL);
INSERT INTO USERS VALUES
(27, 'UI Designer', 'cvs/1748736290588_Warren-CV.pdf', 'Utrechtseweg 4, 3451 Gm Utrecht', 'warren@gmail.com', 1, NULL, 'I am a passionate and detail-oriented UI Designer with over 2 years of experience crafting intuitive and visually appealing user interfaces. My design philosophy focuses on creating user-centric solutions that are both functional and aesthetically pleasing. Proficient in Figma, Adobe XD, and Sketch, I work closely with UX teams and developers to ensure consistency and responsiveness across platforms. I thrive in collaborative environments and am constantly exploring new trends and technologies to enhance digital experiences.', 'Nữ', '1748736198726_candidate-2.png', 'Wade Warren', NULL, 0, 100, 10, NULL, 'Tiếng Anh, Tiếng Nhật', '$2a$10$twAseV2GvXGkplNQ88tMke5vncQH6Fxd6KAKNhP1QJolALOtd9wmy', '12345', 30, 'Warren', NULL);
INSERT INTO USERS VALUES
(34, NULL, NULL, NULL, 'miles@gmail.com', 1, NULL, NULL, 'Nam', '1748877656246_candidate-1-v4.png', 'Floyd Miles', NULL, 0, 0, 0, NULL, NULL, '$2a$10$Z3PX0DinUGq3tKetFULOTubehFUd1TIgY0ja9vnirNKwlm94awk9m', '12345', 0, 'Miles', 21);
INSERT INTO USERS VALUES
(35, NULL, NULL, NULL, 'williamson@gmail.com', 1, NULL, NULL, 'Nữ', '1748877974580_candidate-6.png', 'Cameron Williamson', NULL, 0, 0, 0, NULL, NULL, '$2a$10$/vR.36U2kbCWwoH5.TJ57O.CpDj1r3/G6ywC4Dxcdhi/bA.MGiGy2', '12345', 0, 'Williamson', 21);
INSERT INTO USERS VALUES
(36, NULL, NULL, NULL, 'beo@gmail.com', 1, NULL, NULL, 'Nam', '1749100341991_bao.png', 'Ronaldo Beo', NULL, 0, 0, 0, NULL, NULL, '$2a$10$VY1Qcs/NUVuZiK7WjtJEQuf0LRqf3cbY73oKyPop1K41yWOm6l7O6', '12345', 0, 'beo', 21);
INSERT INTO USERS VALUES
(37, 'Software Engineering', 'cvs/1749100759410_Han-CV.pdf', NULL, 'han@gmail.com', 1, NULL, 'I am a highly accomplished Software Engineer with over 5 years of hands-on experience in developing cutting-edge, scalable software solutions. Passionate about writing clean, efficient code and crafting robust system architectures, I have consistently delivered mission-critical projects for global tech firms. With a deep understanding of full-stack development, DevOps, and cloud infrastructure, I blend technical excellence with leadership to drive innovation. I believe in continuous learning, open-source contribution, and building technology that makes a real-world impact.', 'Nữ', '1749100448143_han.png', 'Nguyễn Ngọc Hân', NULL, 0, 100, 10, NULL, 'Tiếng Anh, Tiếng Hàn', '$2a$10$RgLgIKMNdHoNBqU0RCFRke9a3qCyUPADegqPb7e8QpS7mI/v.H2tm', '12345', 40, 'han', NULL);
INSERT INTO USERS VALUES
(38, NULL, NULL, NULL, 'bao@gmail.com', 1, NULL, NULL, 'Nam', '1749100167647_giabao.jpg', 'Lamie ya Bao', NULL, 0, 0, 0, NULL, NULL, '$2a$10$XG8cCRMh4PTuzPxjvfjoQOwsOwx.NiYlzg5XdaGdtlHTqB.L6deRO', '12345', 0, 'bao', 21);
INSERT INTO USERS VALUES
(25, 'Management', NULL, NULL, 'bell@gmail.com', 1, NULL, NULL, 'Nam', '1748702787322_candidate-5.png', 'Jerome Bell', NULL, 0, 0, 0, NULL, NULL, '$2a$10$Xi57ZC/QHdn9RPTeobcHaeYZw15WCJikuld8MRfmMtrC.5eG5eHxG', '099999', 33, 'Bell', 25);

-- 
-- Dumping data for table ROLE
--
INSERT INTO ROLE VALUES
(1, 'ADMIN');
INSERT INTO ROLE VALUES
(2, 'RECRUITER');
INSERT INTO ROLE VALUES
(3, 'CANDIDATE');
INSERT INTO ROLE VALUES
(4, 'HR_STAFF');
INSERT INTO ROLE VALUES
(5, 'CV_STAFF');

-- 
-- Dumping data for table TIN_TUYEN_DUNG
--
INSERT INTO TIN_TUYEN_DUNG VALUES
(1, 'United States', '06/07/2025 00:00:00.000000000', 'Toàn thời gian', 'Công nghệ thông tin', 'We’re looking for an Engineering Manager to lead and grow a world-class Growth Engineering team. This is a highly visible and impactful leadership role where you’ll help shape and execute on our growth strategy through technical excellence, experimentation, and deep customer understanding.'||CHR(13)||CHR(10)
||CHR(13)||CHR(10)
||'You will support, mentor, and grow a team of talented engineers while building scalable systems that drive growth and engagement across Opendoor’s platform. Your leadership will set the standard for engineering and operational excellence and foster a culture of collaboration, ownership, and continuous improvement.', 0, '05/31/2025 13:59:51.333000000', 'USA', 'LA', 'Software Engineering Manager', 'dangtuyen', 'Programming: Ruby on Rails, Golang, Python, Java, C++, and/or C# '||CHR(13)||CHR(10)
||'Databases: Postgres, SQL, SQL Server, NoSQL, and/or MySQL '||CHR(13)||CHR(10)
||'Web Technologies: HTML, CSS, JavaScript, React, Django, and/or Angular '||CHR(13)||CHR(10)
||'Testing: Experience with tools like Playwright, Cypress, Puppeteer '||CHR(13)||CHR(10)
||'Automation & Cloud: Airflow, Docker, AWS tools '||CHR(13)||CHR(10)
||'CI/CD: Github Actions, Concourse, Jenkins, TeamCity, CircleCI, Travis '||CHR(13)||CHR(10)
||'Observability: Datadog, Splunk, Sentry '||CHR(13)||CHR(10)
||'Incident Management: Pagerduty or similar tools ', 1);
INSERT INTO TIN_TUYEN_DUNG VALUES
(2, 'San Francisco, CA ', '06/07/2025 00:00:00.000000000', 'Bán thời gian', 'Dịch vụ', 'We are seeking a highly experienced Staff Software Engineer with deep expertise in Kubernetes and Amazon Web Services (AWS) to lead the design, development, and optimization of our cloud-native infrastructure. This is a hands-on leadership role that requires strong technical acumen, strategic thinking, and a passion for building scalable, secure, and reliable systems.', 50, '05/31/2025 14:04:36.859000000', 'USA', 'LA', 'Staff SWE ', 'dangtuyen', '8+ years of experience in infrastructure engineering or DevOps roles. Deep hands-on experience with Kubernetes (EKS preferred) and AWS services (EC2, ECS, S3, RDS, IAM, etc.). Strong proficiency with Terraform, Helm, and CI/CD systems (e.g., GitHub Actions, Jenkins, ArgoCD). Proficient in at least one programming/scripting language (e.g., Python, Go, Bash). Solid understanding of networking, security, and cloud architecture principles. Experience with monitoring/logging tools (e.g., Prometheus, Grafana, ELK, Datadog). Preferred Qualifications: Experience with service mesh (e.g., Istio, Linkerd) and policy management (OPA, Kyverno). Exposure to cost optimization and FinOps practices.', 1);
INSERT INTO TIN_TUYEN_DUNG VALUES
(3, 'Chennai, Tamil Nadu, India', '06/07/2025 00:00:00.000000000', 'Toàn thời gian', 'Kế toán - Tài chính', 'As an Analyst on the Finance and Strategy team, you will play a critical role in continuing to build out our F&S presence in India. You will have the unique opportunity to influence the trajectory of Opendoor''s growth through forecasting, monitoring, and reporting on the P&L and key metrics of our business. You''ll help forecast the company''s financial trajectory and develop a deep understanding of our business model while also partnering with a wide variety of partners across the company.'||CHR(13)||CHR(10)
||CHR(13)||CHR(10)
||'Ideally, you have experience in P&L reporting, forecasting, analytics and developing financial models at a retail, e-commerce, or technology business. Your expertise in establishing structure and creating scalable financial models and processes will be invaluable in supporting the organization’s growth.', 0, '05/31/2025 14:08:45.578000000', 'Thái Lan', 'BangKok', 'Analyst - Finance & Strategy', 'dangtuyen', '2-4 years in Financial Planning & Analysis (FP&A), investment banking, management consulting, and/or forecasting roles'||CHR(13)||CHR(10)
||'A Bachelor''s degree in Finance, Economics, or Accounting; MBA, CMA, CPA a bonus'||CHR(13)||CHR(10)
||'Experience in working under US GAAP and accrual-based accounting'||CHR(13)||CHR(10)
||'Strong understanding of advanced lookup functions in Excel. Fluent in Microsoft Office suite / Google suite'||CHR(13)||CHR(10)
||'Familiarity with Hyperion - Smartview, Adaptive Insights, Anaplan, or other financial planning software'||CHR(13)||CHR(10)
||'Exceptional problem-solving and analytical abilities with the ability to change or pivot based on business needs', 1);
INSERT INTO TIN_TUYEN_DUNG VALUES
(5, 'Hồ Chí Minh, Việt Nam', '06/14/2025 00:00:00.000000000', 'Toàn thời gian', 'Marketing', 'Quản lý điều hành, xây dựng Kế hoạch, chiến lược, giám sát chỉ đạo công tác triển khai hoạt động Marketing thuộc tập đoàn Hà Thành Group.'||CHR(13)||CHR(10)
||'Tuyển dụng, đào tạo và phát triển nhân sự trong bộ phận để đảm bảo năng lực vận hành và sáng tạo liên tục.'||CHR(13)||CHR(10)
||'Chủ trì nghiên cứu thị trường, tham mưu cho Ban Lãnh đạo về chiến lược phát triển Truyền thông & Marketing của từng hãng xe phù hợp với định hướng của Tập đoàn.'||CHR(13)||CHR(10)
||'Lên ý tưởng, chỉ đạo và kiểm duyệt các chiến dịch truyền thông qua video, hình ảnh chất lượng cao phục vụ mục tiêu truyền thông và bán hàng.'||CHR(13)||CHR(10)
||'Thiết lập và tối ưu hoá các nền tảng mạng xã hội (Facebook, TikTok, YouTube, Zalo, Instagram...), thương mại điện tử, landing page, và hệ thống bán hàng trực tuyến nhằm tiếp cận khách hàng hiệu quả.'||CHR(13)||CHR(10)
||'Hiểu rõ xu hướng, hành vi tiêu dùng, chính sách cạnh tranh và đặc thù của ngành ô tô (bao gồm cả xe xăng và xe điện).'||CHR(13)||CHR(10)
||'Tổ chức, giám sát các hoạt động triển khai chi tiết đảm bảo sự đồng nhất, chất lượng chung: Sản xuất tư liệu, thiết kế in ấn các vật dụng Marketing, CI nhận diện, Marketing digital, Marketing offline, event, PR, chỉnh trang/nâng cấp/chuyên nghiệp.'||CHR(13)||CHR(10)
||'Xây dựng & định vị thương hiệu Hà Thành Group'||CHR(13)||CHR(10)
||'Chủ trì cập nhật thông tin về hình ảnh sản phẩm, giá, chính sách ưu đãi trên các phương tiện marketing; Quản lý các chiến dịch quảng cáo, thực hiện các phương án xử lý khủng hoảng, kiểm soát và theo dõi khủng hoảng.'||CHR(13)||CHR(10)
||'Định kỳ báo cáo kết quả, đề xuất giải pháp cải tiến kaizen.', 80, '05/31/2025 14:49:32.933000000', 'Việt Nam', 'Hồ Chí Minh', 'Giám Đốc Truyền Thông Marketing', 'dangtuyen', 'Tốt nghiệp đại học trở lên các ngành Truyền thông, Marketing, Kinh tế hoặc các ngành liên quan.'||CHR(13)||CHR(10)
||'Tối thiểu 7–10 năm kinh nghiệm Truyền thông - Marketing trong lĩnh vực kinh doanh ô tô hoặc các ngành bán lẻ cao cấp, trong đó có ít nhất 5 năm ở vị trí quản lý cấp cao.'||CHR(13)||CHR(10)
||'Có kinh nghiệm triển khai và vận hành hệ thống quản trị theo phương pháp OKR'||CHR(13)||CHR(10)
||'Am hiểu các công cụ AI để áp dụng vào truyền thông Marketing'||CHR(13)||CHR(10)
||'Ứng viên có kinh nghiệm làm việc tại các hãng ô tô, hệ thống chuỗi'||CHR(13)||CHR(10)
||'Có kiến thức hoặc kinh nghiệm trong lĩnh vực thương mại điện tử, chuyển đổi số ngành ô tô.'||CHR(13)||CHR(10)
||'Am hiểu sâu về thị trường ô tô, hành vi người tiêu dùng, chính sách ngành.'||CHR(13)||CHR(10)
||'Kỹ năng hoạch định chiến lược, lãnh đạo đội nhóm và quản trị hiệu suất.'||CHR(13)||CHR(10)
||'Khả năng giao tiếp, đàm phán và xây dựng quan hệ đối tác chiến lược.'||CHR(13)||CHR(10)
||'Tư duy phân tích, định hướng kết quả, chủ động đổi mới.', 22);
INSERT INTO TIN_TUYEN_DUNG VALUES
(6, 'New York, NY', '06/21/2025 00:00:00.000000000', 'Toàn thời gian', 'Nhân sự', 'Figma is growing our team of passionate people on a mission to make design accessible to all. Born on the Web, Figma helps entire product teams brainstorm, design and build better products — from start to finish. Whether it’s consolidating tools, simplifying workflows, or collaborating across teams and time zones, Figma makes the design process faster, more efficient, and fun while keeping everyone on the same page. From great products to long-lasting companies, we believe that nothing great is made alone—come make with us!'||CHR(13)||CHR(10)
||CHR(13)||CHR(10)
||'We are looking to hire an experienced full-life cycle Sales Recruiter to support the organization through its growth, specifically within the Commercial and Enterprise functions. You''ll be a driving force in building and executing the talent strategy, partnering with key stakeholders, and hiring top talent. This role will allow you to build positive relationships, exude our values, and contribute to our org-wide recruiting best practices and processes.'||CHR(13)||CHR(10)
||CHR(13)||CHR(10)
||'This is a full time role that can be held from one of our US hubs or remotely in the United States.', 70, '05/31/2025 15:14:09.472000000', 'USA', 'LA', 'Sales Recruiter', 'dangtuyen', '6+ years of full-cycle in house recruiting experience in a high growth business '||CHR(13)||CHR(10)
||'Experience partnering with senior executives on high volume searches in sales organizations, such as Enterprise Account Executives'||CHR(13)||CHR(10)
||'Expert knowledge of the SaaS/ scaling tech landscape and who our competitors in this space may be'||CHR(13)||CHR(10)
||'Advanced sourcing and passive engagement skills'||CHR(13)||CHR(10)
||'Ability to build a talent strategy alongside your hiring managers, while delivering an exceptional candidate experience'||CHR(13)||CHR(10)
||'Excellent communication, in all formats and ability to adapt communication style based upon audience', 23);
INSERT INTO TIN_TUYEN_DUNG VALUES
(9, 'New York, NY', '06/14/2025 00:00:00.000000000', 'Toàn thời gian', 'Dịch vụ', 'We are seeking a highly experienced and visionary Director of Reliability Engineering to lead our global reliability initiatives. This will be a central role in our organization, which supports critical services for companies around the world in every industry.'||CHR(13)||CHR(10)
||CHR(13)||CHR(10)
||'This strategic leadership role is responsible for defining, driving, and evolving operational excellence, platform reliability, and automation at scale across our cloud-native infrastructure. You will lead, mentor, and grow high-performing SRE teams, collaborate cross-functionally, and play a critical role in ensuring a seamless and resilient customer experience for many of the world’s largest companies.'||CHR(13)||CHR(10)
, 100, '05/31/2025 21:57:34.577000000', 'US', 'New York', 'Director of Reliability Engineering', 'dangtuyen', '10+ years of experience in software engineering, SRE, or DevOps roles.'||CHR(13)||CHR(10)
||'5+ years in a technical leadership capacity, ideally in a high-growth, cloud-native SaaS environment.'||CHR(13)||CHR(10)
||'Proven success operating and scaling large-scale, distributed, mission-critical systems.'||CHR(13)||CHR(10)
||'Deep expertise in public cloud platforms (AWS, Azure, or GCP).'||CHR(13)||CHR(10)
||'Hands-on knowledge of infrastructure as code (Terraform, CloudFormation), container orchestration (Kubernetes), and observability tools (e.g., Prometheus, Grafana, Datadog, Splunk).'||CHR(13)||CHR(10)
||'Experience implementing and managing CI/CD pipelines and secure development practices.'||CHR(13)||CHR(10)
||'Demonstrated ability to hire, grow, and lead globally distributed SRE teams.'||CHR(13)||CHR(10)
||'Strong decision-making, communication, and cross-functional collaboration skills', 25);
INSERT INTO TIN_TUYEN_DUNG VALUES
(4, 'Los Angeles, CA', '06/14/2025 00:00:00.000000000', 'Toàn thời gian', 'Thiết kế', 'Netflix is one of the world''s leading entertainment services, with 283 million paid memberships in over 190 countries enjoying TV series, films and games across a wide variety of genres and languages. Members can play, pause and resume watching as much as they want, anytime, anywhere, and can change their plans at any time.'||CHR(13)||CHR(10)
||'We’re looking for an experienced, full-time Lead Artist to guide the art team toward a compelling and clear art direction for one of our game titles. In this role, you will be responsible for leading the team toward artistic excellence in collaboration with the game director and project leadership. You will both oversee project planning, resourcing and art execution with the support of the studio art director and a team of artists.', 70, '05/31/2025 14:24:26.442000000', 'USA', 'LA', 'Lead Artist, Game Studio', 'dangtuyen', '10 years of experience crafting video game art, with 3 years as a Lead Artist or Art Director.'||CHR(13)||CHR(10)
||'Deftly navigates and leads through the uncertainty of game development and creative discovery.'||CHR(13)||CHR(10)
||'Extensive experience in illustration and/or 3d art with the proven ability to develop a unique and cohesive visual style in collaboration with others.'||CHR(13)||CHR(10)
||'Proven ability to visually solve problems in collaboration with the broader game team, including other artists, engineering leads, and design leads.'||CHR(13)||CHR(10)
||'Excellent written and verbal communication. Comfortable interacting with and presenting to all levels of the company.'||CHR(13)||CHR(10)
||'Excellent attention to detail and a strong desire to iterate and improve on processes. '||CHR(13)||CHR(10)
||'Demonstrated fundamentals of leadership, including clear and proactive communication, meeting moderation, and oversight of large cross-disciplinary initiatives.', 21);
INSERT INTO TIN_TUYEN_DUNG VALUES
(10, 'LA, US', '06/21/2025 00:00:00.000000000', 'Tự do', 'Công nghệ thông tin', 'Data Science and Engineering (‘DSE’) at Netflix is aimed at using data, analytics, and sciences to improve various aspects of our business. We are looking for a Senior Analytics Engineer to join our Games DSE team, leading end-to-end analytics & data needs for the Games space. This role will be partnering closely with our stakeholders from Game Studios and Verticals to do advanced analytics and define key metrics, to support the development and performance of our games portfolio. As an early member of the team, you will also help shape our overall Games Data Strategy at Netflix.', 40, '05/31/2025 22:04:51.016000000', 'US', 'LA', 'Senior Analytics Engineer', 'dangtuyen', '6+ years of experience in data analytics function in gaming industry and extensive experience in driving Live Service performance insights'||CHR(13)||CHR(10)
||'5+ years of experience in leveraging technical skills in manipulating large data sets with complex SQL and Python (or similar languages), big data technologies (e.g., Hadoop, Spark) and visualization tools (e.g., Tableau)'||CHR(13)||CHR(10)
||'Exceptional communication and collaboration skills coupled with strong business acumen'||CHR(13)||CHR(10)
||'Comfortable with ambiguity; able to take ownership, and thrive with minimal oversight and process'||CHR(13)||CHR(10)
||'You are experienced in managing stakeholder asks, expectations, and relationships across a variety of stakeholders'||CHR(13)||CHR(10)
||'Netflix culture resonates with you', 21);
INSERT INTO TIN_TUYEN_DUNG VALUES
(7, 'Chennai, Tamil Nadu, India', '06/07/2025 00:00:00.000000000', 'Tự do', 'Khác', 'We’re seeking innovative problem-solvers with expertise in automation, scripting, and process optimization to help us scale and redefine the industry. If you thrive on collaboration and creating impactful solutions, come help us fix what’s broken in real estate and transform the way people move.'||CHR(13)||CHR(10)
, 0, '05/31/2025 21:32:46.844000000', 'India', 'Tamil Nadu', 'Automation Engineer', 'dangtuyen', '5 years of experience in scripting languages such as Python, Javascript or Typescript '||CHR(13)||CHR(10)
||'Familiarity with low-code/no-code platforms such as Zapier'||CHR(13)||CHR(10)
||'Ability to adopt to or learn other languages such as XML, internal scripting languages, etc.'||CHR(13)||CHR(10)
||'Proven collaborator with multiple stakeholders, including operations, engineering, and data infrastructure'||CHR(13)||CHR(10)
||'Strong communication skills, high attention to detail and proven ability to use metrics to drive decisions'||CHR(13)||CHR(10)
||'A sense of ownership and a passion for delighting customers through innovation and creative solutions to complex problems', 1);
INSERT INTO TIN_TUYEN_DUNG VALUES
(8, 'HCM, Việt Nam', '06/07/2025 00:00:00.000000000', 'Thực tập', 'Marketing', '1. Hỗ trợ truyền thông:'||CHR(13)||CHR(10)
||'Sản xuất nội dung truyền thông (viết content, sản xuất video ngắn) theo kế hoạch và định hướng có sẵn.'||CHR(13)||CHR(10)
||'Hỗ trợ liên hệ các đầu mối tại trường đại học/sinh viên để phối hợp triển khai truyền thông.'||CHR(13)||CHR(10)
||'2. Hỗ trợ sự kiện:'||CHR(13)||CHR(10)
||'Chuẩn bị tư liệu cho sự kiện: form đăng ký, quà tặng, công cụ, giấy tờ, slide chương trình.'||CHR(13)||CHR(10)
||'Hỗ trợ tổ chức và hoạt náo tại sự kiện.'||CHR(13)||CHR(10)
||'Quay/chụp tư liệu sự kiện đơn giản để phục vụ báo cáo/truyền thông.'||CHR(13)||CHR(10)
||'3. Hỗ trợ các hoạt động marketing khác theo yêu cầu như nghiên cứu thị trường, tìm kiếm thông tin/xu hướng, báo cáo số liệu... (tùy theo từng dự án).', 0, '05/31/2025 21:36:42.868000000', 'Việt Nam', 'HCM', 'Intern Content Marketing', 'dangtuyen', '1. Tính cách: Chăm chỉ, nhanh nhẹn, nhiệt tình, có trách nhiệm, ham học hỏi và làm việc nhóm tốt.'||CHR(13)||CHR(10)
||CHR(13)||CHR(10)
||'2. Kỹ năng:'||CHR(13)||CHR(10)
||CHR(13)||CHR(10)
||'Có khả năng viết content tốt.'||CHR(13)||CHR(10)
||'Biết sử dụng các phần mềm chỉnh sửa hình ảnh và video cơ bản (Canva, CapCut).'||CHR(13)||CHR(10)
||'Có khả năng research và trình bày thông tin tốt.'||CHR(13)||CHR(10)
||'3. Học vấn: Đang theo học các ngành liên quan đến truyền thông/marketing.'||CHR(13)||CHR(10)
||CHR(13)||CHR(10)
||'4. Thời gian làm việc: Có thể làm việc 3-5 buổi/tuần và sẵn sàng hỗ trợ cuối tuần nếu có sự kiện.', 24);
INSERT INTO TIN_TUYEN_DUNG VALUES
(11, 'Taunton, England', '06/21/2025 00:00:00.000000000', 'Bán thời gian', 'Giáo dục - Đào tạo', 'As a Commercial Manager, you will play a pivotal role in implementing delivery strategy, ensuring cost-effective and efficient project execution, and maintaining the highest professional standards. Your responsibilities will include challenging our cost base, driving customer satisfaction, and developing a skilled commercial team.', 50, '05/31/2025 22:29:29.921000000', 'England', 'Taunton', 'Project Commercial Manager', 'dangtuyen', '...', 26);

-- 
-- Dumping data for table DON_UNG_TUYEN
--
INSERT INTO DON_UNG_TUYEN VALUES
(61, 'cvs/1749136019267_1749135952086_Lan-CV.pdf', '06/05/2025 22:06:59.293000000', 1, 'datuyen', 10, 32);
INSERT INTO DON_UNG_TUYEN VALUES
(6, 'cvs/1748742449096_1748741963281_Lan-CV.pdf', '06/01/2025 08:47:29.102000000', 0, 'dangduyet', 1, 32);
INSERT INTO DON_UNG_TUYEN VALUES
(7, 'cvs/1748743032443_1748742617775_Linh-CV.pdf', '06/01/2025 08:57:12.451000000', 1, 'chotest', 9, 33);
INSERT INTO DON_UNG_TUYEN VALUES
(8, 'cvs/1748743048604_1748742617775_Linh-CV.pdf', '06/01/2025 08:57:28.608000000', 0, 'dangduyet', 11, 33);
INSERT INTO DON_UNG_TUYEN VALUES
(9, 'cvs/1748743065717_1748742617775_Linh-CV.pdf', '06/01/2025 08:57:45.723000000', 0, 'dangduyet', 1, 33);
INSERT INTO DON_UNG_TUYEN VALUES
(1, 'cvs/1748740211989_1748739690413_Quan-CV.pdf', '06/01/2025 08:10:12.031000000', 0, 'dangduyet', 6, 30);
INSERT INTO DON_UNG_TUYEN VALUES
(2, 'cvs/1748740270245_1748739690413_Quan-CV.pdf', '06/01/2025 08:11:10.278000000', 0, 'dangduyet', 11, 30);
INSERT INTO DON_UNG_TUYEN VALUES
(3, 'cvs/1748741308819_1748740613031_Hien-CV.pdf', '06/01/2025 08:28:28.830000000', 0, 'dangduyet', 5, 31);
INSERT INTO DON_UNG_TUYEN VALUES
(4, 'cvs/1748741326989_1748740613031_Hien-CV.pdf', '06/01/2025 08:28:46.994000000', 0, 'chotest', 8, 31);
INSERT INTO DON_UNG_TUYEN VALUES
(43, 'cvs/1749120276744_1748738644069_Loc-CV.pdf', '06/05/2025 17:44:36.750000000', 1, 'chotest', 10, 29);
INSERT INTO DON_UNG_TUYEN VALUES
(42, 'cvs/1749120214776_1748739690413_Quan-CV.pdf', '06/05/2025 17:43:34.781000000', 1, 'chotest', 10, 30);
INSERT INTO DON_UNG_TUYEN VALUES
(41, 'cvs/1749120153332_1748740613031_Hien-CV.pdf', '06/05/2025 17:42:33.361000000', 1, 'chotest', 10, 31);

-- 
-- Dumping data for table BAI_TEST
--
INSERT INTO BAI_TEST VALUES
(21, 'https://docs.google.com/forms/d/e/1FAIpQLScEjbMiHU1mTXRRHepCPqIVbXEWjo9i9BsuweoifSNSqe-toQ/viewform?usp=dialog', 'chuyenmon', 'This test is designed to evaluate your technical expertise and strategic thinking in the field of reliability engineering. It includes 10–15 questions covering system reliability, incident management, fault tolerance, monitoring strategies, leadership in engineering teams, and SRE best practices. The estimated time to complete the test is 30–45 minutes. Please answer all questions to the best of your ability to help us assess your suitability for the role.', '08/01/2025 00:00:00.000000000', '06/05/2025 17:53:00.558000000', 'Professional Test', 10);
INSERT INTO BAI_TEST VALUES
(22, 'https://docs.google.com/forms/d/e/1FAIpQLSdYtx0dyJzhPB-NLTpOaQ5NGhgMryQyHx-4urDV8B3phj89gg/viewform?usp=dialog', 'logic', 'This logical reasoning test assesses your ability to think critically and solve problems using deductive and analytical reasoning. It includes 15 multiple-choice questions covering number patterns, sequences, analogies, and logical puzzles. You have approximately 20 minutes to complete the test. Please avoid using calculators or external help to ensure an accurate evaluation of your reasoning skills.', '08/01/2025 00:00:00.000000000', '06/05/2025 17:54:37.178000000', 'Logic Test', 10);
INSERT INTO BAI_TEST VALUES
(23, 'https://docs.google.com/forms/d/e/1FAIpQLSeHkVJuH-GdS24ITg_JoPgzXR8mnRD-w9QsS3AuQXFxQRWTCQ/viewform?usp=dialog', 'ngonngu', 'This job requires a lot of communication.This short English test is designed to assess your grammar, vocabulary, and reading comprehension skills. It consists of 20 multiple-choice questions and should take approximately 15 minutes to complete. Please try to answer all questions without external help to ensure accurate results. Good luck!', '08/01/2025 00:00:00.000000000', '06/05/2025 17:56:41.669000000', 'English Test', 10);

-- 
-- Dumping data for table USER_ROLE
--
INSERT INTO USER_ROLE VALUES
(6, 2, 6);
INSERT INTO USER_ROLE VALUES
(21, 2, 21);
INSERT INTO USER_ROLE VALUES
(23, 2, 23);
INSERT INTO USER_ROLE VALUES
(26, 2, 26);
INSERT INTO USER_ROLE VALUES
(1, 1, 1);
INSERT INTO USER_ROLE VALUES
(2, 2, 2);
INSERT INTO USER_ROLE VALUES
(3, 4, 3);
INSERT INTO USER_ROLE VALUES
(4, 5, 4);
INSERT INTO USER_ROLE VALUES
(5, 3, 5);
INSERT INTO USER_ROLE VALUES
(24, 2, 24);
INSERT INTO USER_ROLE VALUES
(33, 3, 33);
INSERT INTO USER_ROLE VALUES
(41, 4, 41);
INSERT INTO USER_ROLE VALUES
(22, 2, 22);
INSERT INTO USER_ROLE VALUES
(28, 3, 28);
INSERT INTO USER_ROLE VALUES
(29, 3, 29);
INSERT INTO USER_ROLE VALUES
(30, 3, 30);
INSERT INTO USER_ROLE VALUES
(31, 3, 31);
INSERT INTO USER_ROLE VALUES
(32, 3, 32);
INSERT INTO USER_ROLE VALUES
(27, 3, 27);
INSERT INTO USER_ROLE VALUES
(34, 4, 34);
INSERT INTO USER_ROLE VALUES
(35, 4, 35);
INSERT INTO USER_ROLE VALUES
(36, 4, 36);
INSERT INTO USER_ROLE VALUES
(37, 3, 37);
INSERT INTO USER_ROLE VALUES
(38, 4, 38);
INSERT INTO USER_ROLE VALUES
(25, 2, 25);

-- 
-- Dumping data for table UNG_VIEN_YEU_THICH
--
INSERT INTO UNG_VIEN_YEU_THICH VALUES
(21, 26, 32);
INSERT INTO UNG_VIEN_YEU_THICH VALUES
(3, 25, 31);

-- 
-- Dumping data for table TIN_YEU_THICH
--
INSERT INTO TIN_YEU_THICH VALUES
(6, 3, 32);
INSERT INTO TIN_YEU_THICH VALUES
(8, 1, 32);
INSERT INTO TIN_YEU_THICH VALUES
(9, 9, 33);
INSERT INTO TIN_YEU_THICH VALUES
(10, 3, 33);
INSERT INTO TIN_YEU_THICH VALUES
(11, 10, 33);
INSERT INTO TIN_YEU_THICH VALUES
(1, 6, 30);
INSERT INTO TIN_YEU_THICH VALUES
(2, 11, 30);
INSERT INTO TIN_YEU_THICH VALUES
(3, 8, 31);
INSERT INTO TIN_YEU_THICH VALUES
(4, 5, 31);
INSERT INTO TIN_YEU_THICH VALUES
(44, 10, 32);
INSERT INTO TIN_YEU_THICH VALUES
(41, 10, 31);
INSERT INTO TIN_YEU_THICH VALUES
(42, 10, 30);
INSERT INTO TIN_YEU_THICH VALUES
(43, 10, 29);
INSERT INTO TIN_YEU_THICH VALUES
(5, 9, 32);

-- 
-- Dumping data for table THANH_TUU
--
INSERT INTO THANH_TUU VALUES
(1, 'Recognized for maintaining perfect attendance and consistent punctuality throughout the year. This award reflects a strong sense of responsibility, reliability, and dedication to team collaboration and project timelines.', '06/20/2022 00:00:00', 'Perfect Attendance Program', 27);
INSERT INTO THANH_TUU VALUES
(9, 'Awarded for leading the architecture of a distributed analytics platform that redefined scalability and reliability in real-time data processing. The solution has since been cited in industry whitepapers and adopted by leading cloud-native enterprises.', '07/01/2023 00:00:00', 'Outstanding Engineer of the Year – European Tech Excellence Awards', 33);
INSERT INTO THANH_TUU VALUES
(3, ' Thành tích xử lý kỹ thuật nhanh chóng, chính xác và được khách hàng đánh giá cao về thái độ phục vụ. Góp phần nâng cao uy tín và chất lượng dịch vụ hậu mãi của chi nhánh.', '06/01/2023 00:00:00', 'Kỹ sư dịch vụ tiêu biểu quý II', 28);
INSERT INTO THANH_TUU VALUES
(4, 'Được trao tặng cho đề tài “Khảo sát đa dạng loài cây thuốc tại vùng đệm Vườn quốc gia Cát Tiên”. Đề tài được đánh giá cao về tính ứng dụng và khả năng đóng góp cho công tác bảo tồn và phát triển bền vững tại địa phương.', '11/01/2020 00:00:00', 'Giải Nhì – Sinh viên nghiên cứu khoa học cấp trường', 29);
INSERT INTO THANH_TUU VALUES
(5, 'Được trao tặng danh hiệu “Nhân viên mới xuất sắc” nhờ vào tinh thần cầu tiến, hoàn thành tốt các nhiệm vụ tuyển dụng trong thời gian cao điểm và đóng góp tích cực trong việc cải tiến quy trình onboarding cho nhân viên mới.', '04/01/2023 00:00:00', 'Nhân viên mới xuất sắc nhất quý I', 30);
INSERT INTO THANH_TUU VALUES
(7, 'Hiển cùng đội đạt top 10 nhờ chiến lược tiếp thị sáng tạo kết hợp dữ liệu người dùng với xu hướng xã hội, đưa ra giải pháp toàn diện cho một thương hiệu tiêu dùng quốc tế.', '06/01/2023 00:00:00', 'Top 10 Marketer trẻ xuất sắc khu vực Đông Nam Á – Vietnam Young Lions', 31);
INSERT INTO THANH_TUU VALUES
(8, 'Honored for designing a scalable and resilient microservices architecture that powered a real-time analytics platform handling over 50 million daily requests.', '08/25/2023 00:00:00', 'Best Innovator in Software Architecture – APAC Tech Awards', 32);

-- 
-- Dumping data for table PHONG_VAN
--
INSERT INTO PHONG_VAN VALUES
(2, NULL, 0, '06/09/2025 22:44:36.448000000', NULL, 'chopv', 7, NULL);
INSERT INTO PHONG_VAN VALUES
(6, 'London, Uk', 0, '06/04/2025 00:23:00.000000000', NULL, 'chopv', 7, 34);
INSERT INTO PHONG_VAN VALUES
(7, 'London, Uk', 0, '06/04/2025 00:23:00.000000000', NULL, 'chopv', 7, 38);

-- 
-- Dumping data for table KQBAI_TEST
--
INSERT INTO KQBAI_TEST VALUES
(81, 100, NULL, 23, 61);
INSERT INTO KQBAI_TEST VALUES
(82, 100, NULL, 22, 61);
INSERT INTO KQBAI_TEST VALUES
(83, 100, NULL, 21, 61);
INSERT INTO KQBAI_TEST VALUES
(61, 90, NULL, 23, 41);
INSERT INTO KQBAI_TEST VALUES
(62, 70, NULL, 23, 42);
INSERT INTO KQBAI_TEST VALUES
(63, 70, NULL, 22, 41);
INSERT INTO KQBAI_TEST VALUES
(64, 90, NULL, 22, 42);
INSERT INTO KQBAI_TEST VALUES
(65, 80, NULL, 21, 41);
INSERT INTO KQBAI_TEST VALUES
(66, 80, NULL, 21, 42);
INSERT INTO KQBAI_TEST VALUES
(67, 0, NULL, 23, 43);
INSERT INTO KQBAI_TEST VALUES
(69, 0, NULL, 22, 43);
INSERT INTO KQBAI_TEST VALUES
(71, 0, NULL, 21, 43);

-- 
-- Dumping data for table KINH_NGHIEM_LAM_VIEC
--
INSERT INTO KINH_NGHIEM_LAM_VIEC VALUES
(17, 'Architected and led development of an auto-scaling cloud storage system handling over 100 million requests/day.'||CHR(13)||CHR(10)
||CHR(13)||CHR(10)
||'Introduced performance monitoring tools that reduced incident response time by 60%.', 2022, 2025, 'Amazon Web Services (AWS), Dublin, Ireland', 'Lead Software Engineer', 33);
INSERT INTO KINH_NGHIEM_LAM_VIEC VALUES
(18, 'Developed recommendation engine components that improved music discovery algorithms by 25%.'||CHR(13)||CHR(10)
||'Spearheaded a refactoring initiative reducing API latency by 40%.', 2019, 2021, 'Spotify, Stockholm, Sweden', 'Software Engineer', 33);
INSERT INTO KINH_NGHIEM_LAM_VIEC VALUES
(5, 'Kiểm tra, bảo trì và sửa chữa các hệ thống điện, động cơ và điều hòa ô tô.'||CHR(13)||CHR(10)
||'Sử dụng máy chẩn đoán chuyên dụng để xác định và xử lý lỗi kỹ thuật.'||CHR(13)||CHR(10)
||'Hướng dẫn khách hàng về cách bảo dưỡng xe và giải đáp các thắc mắc kỹ thuật.', 2022, 2025, 'Toyota Việt Nam', 'Kỹ sư dịch vụ', 28);
INSERT INTO KINH_NGHIEM_LAM_VIEC VALUES
(6, 'Hỗ trợ kiểm tra hệ thống phanh, treo và động cơ.'||CHR(13)||CHR(10)
||'Học hỏi quy trình làm việc tại các trạm dịch vụ chính hãng.'||CHR(13)||CHR(10)
||'Tham gia các buổi đào tạo nội bộ về công nghệ mới.', 2021, 2022, 'Hyundai Ngọc An', 'Thực tập sinh kỹ thuật', 28);
INSERT INTO KINH_NGHIEM_LAM_VIEC VALUES
(7, 'Quan sát và ghi nhận đặc điểm sinh học của một số loài cá nước ngọt.'||CHR(13)||CHR(10)
||'Thực hành kỹ thuật bảo quản mẫu và xét nghiệm ADN.'||CHR(13)||CHR(10)
||'Viết bài tổng hợp nghiên cứu cho hội thảo sinh viên nghiên cứu khoa học.', 2021, 2022, 'Viện Sinh học Nhiệt đới – Viện Hàn lâm KH&CN Việt Nam', 'Thực tập sinh phòng thí nghiệm Sinh thái', 29);
INSERT INTO KINH_NGHIEM_LAM_VIEC VALUES
(8, 'Tham gia khảo sát hiện trường tại các khu bảo tồn thiên nhiên phía Nam.'||CHR(13)||CHR(10)
||'Hỗ trợ thu thập mẫu thực vật và động vật, xác định loài bằng khóa phân loại.'||CHR(13)||CHR(10)
||'Nhập liệu, phân tích số liệu bằng Excel và phần mềm R, hỗ trợ viết báo cáo khoa học.', 2022, 2023, 'Trung tâm Bảo tồn Đa dạng Sinh học (CBDC)', 'Trợ lý nghiên cứu sinh học', 29);
INSERT INTO KINH_NGHIEM_LAM_VIEC VALUES
(9, 'Hỗ trợ sàng lọc hồ sơ, đặt lịch phỏng vấn và nhập liệu hồ sơ nhân sự.'||CHR(13)||CHR(10)
||'Tham gia tổ chức onboarding cho nhân viên mới và cập nhật dữ liệu bảo hiểm xã hội.'||CHR(13)||CHR(10)
||'Thực hiện khảo sát nội bộ và phân tích kết quả để đề xuất cải thiện môi trường làm việc.', 2021, 2022, 'Nestlé Việt Nam', 'Trợ lý nhân sự (Thực tập sinh)', 30);
INSERT INTO KINH_NGHIEM_LAM_VIEC VALUES
(10, 'Phụ trách tuyển dụng, phỏng vấn và đào tạo nhân sự mới cho các phòng ban.'||CHR(13)||CHR(10)
||'Tham gia xây dựng chính sách lương thưởng, đánh giá hiệu suất định kỳ.'||CHR(13)||CHR(10)
||'Tổ chức các hoạt động gắn kết nội bộ và chương trình đào tạo nội bộ hàng quý.', 2022, 2025, 'Apple', 'Chuyên viên nhân sự', 30);
INSERT INTO KINH_NGHIEM_LAM_VIEC VALUES
(12, 'Triển khai thành công chiến dịch “Glow Up Now” trên TikTok với hơn 20 triệu lượt xem và tăng doanh số dòng sản phẩm skincare lên 160% trong vòng 2 tháng.'||CHR(13)||CHR(10)
||'Phân tích dữ liệu người dùng và tối ưu hóa quảng cáo theo hành vi tiêu dùng theo từng khu vực.', 2023, 2025, ' L’Oréal', 'Chuyên gia Digital Marketing', 31);
INSERT INTO KINH_NGHIEM_LAM_VIEC VALUES
(13, 'Sáng tạo nội dung viral trên Facebook và Instagram, giúp fanpage tăng 200.000 lượt theo dõi trong 6 tháng.'||CHR(13)||CHR(10)
||'Phối hợp với team thiết kế sản phẩm và tổ chức sự kiện Tiki Super Brand Day đạt hơn 12 triệu lượt tiếp cận.', 2020, 2021, 'Tiki Corporation', 'Chuyên viên Marketing nội dung & truyền thông xã hội', 31);
INSERT INTO KINH_NGHIEM_LAM_VIEC VALUES
(15, 'Led the redesign of the data pipeline for Google Ads, reducing data processing latency by 40%.'||CHR(13)||CHR(10)
||'Collaborated with cross-functional teams on developing high-availability services deployed across GCP.'||CHR(13)||CHR(10)
||CHR(13)||CHR(10)
, 2022, 2025, 'Google – Singapore', 'Senior Software Engineer', 32);
INSERT INTO KINH_NGHIEM_LAM_VIEC VALUES
(16, 'Introduced automated testing frameworks, increasing test coverage by 35%.'||CHR(13)||CHR(10)
||'Participated in the DevOps transformation initiative, significantly improving CI/CD performance.', 2019, 2021, 'Atlassian – Sydney, Australia', 'Software Engineer', 32);
INSERT INTO KINH_NGHIEM_LAM_VIEC VALUES
(1, 'Assisted in designing UI components and layouts using Adobe XD.'||CHR(13)||CHR(10)
||CHR(13)||CHR(10)
||'Participated in design sprints and agile development cycles.'||CHR(13)||CHR(10)
||CHR(13)||CHR(10)
||'Delivered high-fidelity prototypes for developer handoff.', 2020, 2022, 'BrightLabs, Amsterdam', 'Junior UI Designer', 27);
INSERT INTO KINH_NGHIEM_LAM_VIEC VALUES
(4, 'Designed responsive user interfaces for web and mobile apps in e-commerce and fintech sectors.'||CHR(13)||CHR(10)
||'Collaborated with UX researchers to iterate designs based on user feedback and usability testing.', 2022, 2024, 'PixelWave Studio, Berlin', 'UI Designer', 27);

-- 
-- Dumping data for table HOC_VAN
--
INSERT INTO HOC_VAN VALUES
(4, 'Tập trung nghiên cứu về sinh học phân tử và ứng dụng công nghệ sinh học trong bảo tồn đa dạng sinh học. Luận văn tốt nghiệp: “Ứng dụng mã vạch DNA trong phân loại loài thực vật rừng Nam Bộ”.', 2022, 2024, 'Thạc sĩ Sinh học ứng dụng', 'Đại học Khoa học Tự nhiên – Đại học Quốc gia TP.HCM', 29);
INSERT INTO HOC_VAN VALUES
(11, 'Focused on software architecture, distributed computing, and machine learning applications.'||CHR(13)||CHR(10)
||'Thesis: “Dynamic Load Balancing in Containerized Cloud Environments Using Reinforcement Learning.”', 2020, 2022, 'Master of Science in Software Engineering', 'ETH Zurich, Switzerland', 33);
INSERT INTO HOC_VAN VALUES
(12, 'Graduated First Class Honours.'||CHR(13)||CHR(10)
||'Capstone Project: “AI-Powered Code Optimization Engine for Multi-language Repositories.”', 2015, 2019, 'Bachelor of Science in Computer Engineering', 'Imperial College London, United Kingdom', 33);
INSERT INTO HOC_VAN VALUES
(2, 'Được đào tạo chuyên sâu về động cơ đốt trong, hệ thống điện – điện tử ô tô, và công nghệ điều khiển tự động hóa trên xe. Đồ án tốt nghiệp: "Thiết kế mô hình hệ thống lái trợ lực điện EPS".', 2016, 2021, 'Kỹ sư Công nghệ Kỹ thuật Ô tô', 'Đại học Bách Khoa TP. Hồ Chí Minh', 28);
INSERT INTO HOC_VAN VALUES
(3, 'Được đào tạo nền tảng về thực vật học, động vật học, sinh thái học và kỹ năng nghiên cứu thực địa. Tốt nghiệp loại Giỏi. Tham gia các hoạt động khảo sát thực tế tại Vườn quốc gia Bidoup – Núi Bà.', 2017, 2021, 'Cử nhân Sinh vật học', 'Đại học Khoa học Tự nhiên – Đại học Quốc gia TP.HCM', 29);
INSERT INTO HOC_VAN VALUES
(5, 'Trang bị kiến thức nền tảng về quản lý nguồn nhân lực, luật lao động, lương thưởng và đào tạo. Tham gia chương trình thực tập tại bộ phận HR của công ty đa quốc gia trong học kỳ cuối.', 2017, 2021, 'Cử nhân Quản trị Kinh doanh (Chuyên ngành Nhân sự)', 'Đại học Tài chính – Marketing', 30);
INSERT INTO HOC_VAN VALUES
(6, 'Chuyên sâu về chiến lược nhân sự, hành vi tổ chức, quản lý hiệu suất và phát triển năng lực nhân viên. Luận văn tốt nghiệp: “Tác động của văn hóa doanh nghiệp đến mức độ gắn bó của nhân viên trong doanh nghiệp vừa và nhỏ”.', 2022, 2024, 'Thạc sĩ Quản trị Nhân sự', 'Đại học Kinh tế TP. Hồ Chí Minh', 30);
INSERT INTO HOC_VAN VALUES
(7, 'Chuyên sâu về chiến lược tiếp thị toàn cầu, quản trị thương hiệu và hành vi tiêu dùng đa văn hóa. Luận văn: “Tối ưu chiến dịch đa nền tảng tại Đông Nam Á: Trường hợp Shopee & TikTok Ads”.', 2021, 2023, 'Thạc sĩ Quản trị Marketing Quốc tế', 'University of Amsterdam – Netherlands', 31);
INSERT INTO HOC_VAN VALUES
(8, 'Tốt nghiệp loại Xuất sắc. Là chủ nhiệm CLB RMIT Creatives, tổ chức nhiều workshop truyền thông và dẫn dắt chiến dịch truyền thông nội bộ đoạt giải toàn quốc của RMIT năm 2019.', 2016, 2020, 'Cử nhân Truyền thông & Marketing', 'Đại học RMIT Việt Nam – Cơ sở TP.HCM', 31);
INSERT INTO HOC_VAN VALUES
(9, 'Specialized in Distributed Systems and Artificial Intelligence.'||CHR(13)||CHR(10)
||'Thesis: “Optimizing Fault-Tolerant Microservices in High-Throughput Cloud Architectures.”', 2020, 2022, 'Master of Science in Computer Science', 'Stanford University, USA', 32);
INSERT INTO HOC_VAN VALUES
(10, 'Graduated with High Distinction.'||CHR(13)||CHR(10)
||'Capstone Project: “Blockchain-Based Identity Verification System.”', 2015, 2019, 'Bachelor of Engineering in Software Engineering', 'University of Melbourne, Australia', 32);
INSERT INTO HOC_VAN VALUES
(1, 'Lorem ipsum dolor sit amet, consectetur adipiscing elit. Proin a ipsum tellus. Interdum et malesuada fames ac ante'||CHR(13)||CHR(10)
||'ipsum primis in faucibus.', 2012, 2014, 'Bachlors in Fine Arts', 'Modern College', 27);

COMMIT;

-- 
-- Set default schema
--
DECLARE
  p VARCHAR2(255);
BEGIN 
  SELECT USER INTO p FROM DUAL;
  EXECUTE IMMEDIATE 'ALTER SESSION SET CURRENT_SCHEMA = ' || p;
END;
/